user_name,user_type,password,last_known_location,last_seen_on
admin,admin,admin,America/US,"02/10/2021, 20:54:42"
hwarsi,admin,CabbageTest123#,America/US,"03/25/2021, 02:01:08"
mahmad,admin,CabbageTest123#,America/US,"02/18/2021, 17:28:09"
dhin385,client,CabbageTest123#,Africa/Mbabane,"01/11/2021, 22:10:40"
wbry235,client,CabbageTest123#,America/Nassau,"03/20/2021, 21:57:14"
dher457,client,CabbageTest123#,Africa/Nairobi,"03/25/2021, 15:19:45"
ayou83,client,CabbageTest123#,Asia/Choibalsan,"02/19/2021, 10:21:27"
tmcl168,client,CabbageTest123#,Africa/Tripoli,"04/11/2021, 10:09:11"
mble324,client,CabbageTest123#,America/St_Kitts,"04/16/2021, 02:13:59"
jwri137,client,CabbageTest123#,Pacific/Galapagos,"03/25/2021, 09:18:21"
ibis318,client,CabbageTest123#,Africa/Tripoli,"03/09/2021, 03:04:59"
jday226,client,CabbageTest123#,Africa/Douala,"01/12/2021, 02:21:57"
slin165,client,CabbageTest123#,Africa/Niamey,"02/05/2021, 02:34:36"
adua435,client,CabbageTest123#,Asia/Karachi,"04/11/2021, 18:40:52"
msto195,client,CabbageTest123#,Europe/Paris,"01/22/2021, 04:59:26"
mpat42,client,CabbageTest123#,America/La_Paz,"01/23/2021, 20:07:26"
aste436,client,CabbageTest123#,Asia/Kashgar,"04/13/2021, 19:36:44"
hngu94,client,CabbageTest123#,Africa/Brazzaville,"03/26/2021, 05:03:44"
jone38,client,CabbageTest123#,Indian/Antananarivo,"02/13/2021, 13:45:12"
gwal176,client,CabbageTest123#,Europe/Helsinki,"03/03/2021, 01:00:09"
gtay244,client,CabbageTest123#,Asia/Brunei,"02/11/2021, 16:59:02"
djon401,client,CabbageTest123#,Asia/Ulaanbaatar,"03/08/2021, 20:42:08"
rsim456,client,CabbageTest123#,Asia/Aden,"01/26/2021, 22:36:00"
vcas445,client,CabbageTest123#,Asia/Dhaka,"02/27/2021, 20:53:38"
mrio193,client,CabbageTest123#,Indian/Mauritius,"03/13/2021, 17:15:43"
kmil70,client,CabbageTest123#,Europe/Bucharest,"01/16/2021, 10:30:29"
psmi313,client,CabbageTest123#,Asia/Vientiane,"02/28/2021, 04:43:44"
chen458,client,CabbageTest123#,Africa/Harare,"03/01/2021, 10:43:11"
bric436,client,CabbageTest123#,Pacific/Funafuti,"03/27/2021, 02:40:04"
sjoh61,client,CabbageTest123#,Europe/Warsaw,"01/02/2021, 20:12:43"
ahal539,client,CabbageTest123#,Asia/Manila,"02/05/2021, 00:45:13"
shah31,client,CabbageTest123#,Atlantic/Azores,"02/27/2021, 00:38:56"
jgra478,client,CabbageTest123#,Asia/Harbin,"03/06/2021, 23:17:50"
npat288,client,CabbageTest123#,America/Iqaluit,"04/09/2021, 22:25:56"
dhay125,client,CabbageTest123#,Pacific/Funafuti,"02/24/2021, 12:05:33"
rrit121,client,CabbageTest123#,America/Panama,"02/24/2021, 14:14:44"
tmil292,client,CabbageTest123#,Pacific/Fiji,"01/21/2021, 12:35:59"
jcar163,client,CabbageTest123#,Europe/Sofia,"04/10/2021, 19:30:45"
ssco422,client,CabbageTest123#,Asia/Hebron,"01/14/2021, 23:03:38"
lhil376,client,CabbageTest123#,America/Eirunepe,"02/01/2021, 10:28:08"
rsim349,client,CabbageTest123#,Europe/Prague,"03/14/2021, 08:38:10"
asmi184,client,CabbageTest123#,America/Barbados,"03/07/2021, 00:07:50"
rliu519,client,CabbageTest123#,Europe/Riga,"04/11/2021, 13:46:32"
jwar193,client,CabbageTest123#,Europe/Athens,"02/14/2021, 20:08:15"
ctay85,client,CabbageTest123#,America/Santo_Domingo,"02/13/2021, 13:20:24"
agor198,client,CabbageTest123#,Europe/Paris,"03/21/2021, 18:39:16"
rmur529,client,CabbageTest123#,Africa/Dakar,"03/22/2021, 11:41:53"
twal391,client,CabbageTest123#,America/St_Vincent,"02/23/2021, 23:42:21"
dgar415,client,CabbageTest123#,America/St_Vincent,"03/19/2021, 12:08:11"
sgoo295,client,CabbageTest123#,Europe/Stockholm,"04/12/2021, 07:07:15"
mcha104,client,CabbageTest123#,Africa/Tunis,"04/12/2021, 23:30:34"
lsav442,client,CabbageTest123#,America/Nassau,"02/06/2021, 21:40:04"
cwoo423,client,CabbageTest123#,Europe/Monaco,"04/15/2021, 15:19:52"
dcoo0,client,CabbageTest123#,America/Santo_Domingo,"02/01/2021, 08:57:11"
chof225,client,CabbageTest123#,Europe/Dublin,"03/05/2021, 15:27:39"
vpit298,client,CabbageTest123#,Asia/Dhaka,"03/16/2021, 08:57:37"
jhic451,client,CabbageTest123#,Africa/Gaborone,"04/10/2021, 03:03:49"
saco483,client,CabbageTest123#,America/Guyana,"01/31/2021, 21:47:16"
sari124,client,CabbageTest123#,America/Antigua,"02/17/2021, 15:21:57"
ckel365,client,CabbageTest123#,Europe/Zagreb,"04/08/2021, 18:32:59"
ebar228,client,CabbageTest123#,Africa/Libreville,"04/14/2021, 15:44:11"
kdav356,client,CabbageTest123#,Atlantic/Madeira,"01/26/2021, 01:14:32"
pell538,client,CabbageTest123#,Europe/Tallinn,"02/14/2021, 18:23:39"
msha249,client,CabbageTest123#,America/Havana,"02/10/2021, 07:08:52"
jtho70,client,CabbageTest123#,Asia/Bahrain,"03/14/2021, 22:48:29"
rber156,client,CabbageTest123#,Africa/Gaborone,"04/15/2021, 00:10:37"
jhun479,client,CabbageTest123#,Africa/Tripoli,"03/14/2021, 05:48:34"
jmor413,client,CabbageTest123#,Asia/Omsk,"02/20/2021, 21:56:59"
aphi258,client,CabbageTest123#,Asia/Seoul,"01/17/2021, 03:02:41"
ebak74,client,CabbageTest123#,Africa/Addis_Ababa,"01/04/2021, 17:28:20"
wgro16,client,CabbageTest123#,America/Indiana/Marengo,"02/10/2021, 07:21:58"
jpet134,client,CabbageTest123#,Asia/Thimphu,"01/29/2021, 02:44:13"
cpot165,client,CabbageTest123#,America/Nipigon,"03/31/2021, 00:40:29"
kpet48,client,CabbageTest123#,America/Guatemala,"01/13/2021, 04:06:48"
cjoh482,client,CabbageTest123#,Africa/Sao_Tome,"04/02/2021, 02:09:17"
bcru413,client,CabbageTest123#,Europe/Riga,"02/21/2021, 13:51:55"
asmi532,client,CabbageTest123#,America/Tijuana,"01/23/2021, 18:36:48"
mdav450,client,CabbageTest123#,Atlantic/Cape_Verde,"03/29/2021, 00:59:41"
dpot212,client,CabbageTest123#,America/Panama,"02/22/2021, 13:14:43"
psim320,client,CabbageTest123#,Africa/Algiers,"03/15/2021, 06:28:45"
cwhi132,client,CabbageTest123#,Asia/Jerusalem,"03/02/2021, 10:24:27"
cree541,client,CabbageTest123#,Asia/Seoul,"01/07/2021, 18:55:08"
cwri406,client,CabbageTest123#,Africa/Asmera,"02/21/2021, 11:01:35"
shal307,client,CabbageTest123#,Pacific/Fiji,"03/12/2021, 20:43:40"
jdel529,client,CabbageTest123#,Pacific/Apia,"03/22/2021, 04:37:38"
sols437,client,CabbageTest123#,Asia/Bahrain,"02/07/2021, 08:10:37"
mcan79,client,CabbageTest123#,America/El_Salvador,"03/22/2021, 05:41:49"
jbur60,client,CabbageTest123#,America/Paramaribo,"02/25/2021, 02:19:55"
cwal192,client,CabbageTest123#,America/St_Kitts,"01/27/2021, 11:15:23"
jrob170,client,CabbageTest123#,Africa/Libreville,"02/27/2021, 07:32:56"
jphi106,client,CabbageTest123#,Asia/Dushanbe,"03/12/2021, 12:13:28"
kjon450,client,CabbageTest123#,Asia/Calcutta,"03/17/2021, 08:22:19"
lgon159,client,CabbageTest123#,Asia/Samarkand,"03/05/2021, 19:46:28"
mmck548,client,CabbageTest123#,Europe/Vilnius,"01/08/2021, 06:11:10"
jli395,client,CabbageTest123#,Asia/Aden,"01/23/2021, 20:35:52"
mlee508,client,CabbageTest123#,Africa/Bangui,"02/16/2021, 16:44:24"
kbry235,client,CabbageTest123#,Pacific/Palau,"04/10/2021, 06:26:26"
rmor454,client,CabbageTest123#,Africa/Dar_es_Salaam,"01/30/2021, 08:46:00"
mmez503,client,CabbageTest123#,Indian/Maldives,"02/28/2021, 14:48:30"
tlew73,client,CabbageTest123#,Asia/Kuwait,"03/11/2021, 04:15:42"
hdav374,client,CabbageTest123#,Europe/San_Marino,"04/12/2021, 22:27:58"
syou65,client,CabbageTest123#,America/Costa_Rica,"01/07/2021, 20:04:03"
cgon297,client,CabbageTest123#,Asia/Almaty,"01/23/2021, 06:01:42"
khic326,client,CabbageTest123#,Africa/Djibouti,"03/31/2021, 06:48:35"
etay415,client,CabbageTest123#,Pacific/Efate,"02/03/2021, 10:12:51"
mfre387,client,CabbageTest123#,Europe/Sofia,"02/26/2021, 23:55:32"
cpar547,client,CabbageTest123#,Europe/San_Marino,"01/20/2021, 05:57:30"
knel226,client,CabbageTest123#,Africa/Bangui,"02/17/2021, 15:52:04"
mhay543,client,CabbageTest123#,Pacific/Apia,"01/03/2021, 16:50:42"
dsha68,client,CabbageTest123#,America/Argentina/Rio_Gallegos,"01/24/2021, 17:31:05"
syan114,client,CabbageTest123#,Africa/Douala,"03/09/2021, 01:46:09"
dspa409,client,CabbageTest123#,America/Jamaica,"02/27/2021, 00:13:37"
kfer15,client,CabbageTest123#,Asia/Damascus,"02/22/2021, 06:24:06"
abar38,client,CabbageTest123#,Africa/Lubumbashi,"01/06/2021, 17:47:13"
lbla341,client,CabbageTest123#,Europe/Ljubljana,"04/03/2021, 12:13:23"
bsmi190,client,CabbageTest123#,Africa/Maseru,"01/26/2021, 00:21:02"
mliv281,client,CabbageTest123#,Asia/Dubai,"04/09/2021, 23:07:08"
jfol363,client,CabbageTest123#,Asia/Tehran,"01/14/2021, 09:18:51"
rbla452,client,CabbageTest123#,Pacific/Truk,"04/11/2021, 06:34:52"
mnav224,client,CabbageTest123#,Africa/Ndjamena,"02/04/2021, 02:55:34"
cwar397,client,CabbageTest123#,Africa/Kinshasa,"03/12/2021, 09:07:10"
khol218,client,CabbageTest123#,Europe/Vilnius,"03/14/2021, 12:48:33"
nabb544,client,CabbageTest123#,Pacific/Efate,"03/15/2021, 15:14:36"
tmon184,client,CabbageTest123#,Europe/Dublin,"01/06/2021, 17:51:00"
jpac531,client,CabbageTest123#,Asia/Kuala_Lumpur,"01/31/2021, 15:19:40"
pmil225,client,CabbageTest123#,Africa/Sao_Tome,"01/29/2021, 14:32:48"
lpie381,client,CabbageTest123#,Africa/Lome,"01/06/2021, 00:41:29"
chal103,client,CabbageTest123#,Africa/Ndjamena,"02/12/2021, 13:03:32"
twal143,client,CabbageTest123#,Asia/Kabul,"01/02/2021, 11:19:07"
mvar68,client,CabbageTest123#,Africa/Nairobi,"01/06/2021, 04:08:40"
cjac285,client,CabbageTest123#,Africa/Casablanca,"01/05/2021, 02:16:03"
mgay262,client,CabbageTest123#,Indian/Mahe,"02/28/2021, 23:33:22"
tbro278,client,CabbageTest123#,Asia/Bishkek,"02/05/2021, 19:39:51"
awat282,client,CabbageTest123#,Indian/Antananarivo,"04/07/2021, 14:23:58"
kgeo273,client,CabbageTest123#,Africa/Lagos,"03/01/2021, 06:29:36"
jkha403,client,CabbageTest123#,America/Santiago,"03/24/2021, 14:12:42"
jpac525,client,CabbageTest123#,Asia/Dhaka,"04/09/2021, 19:20:22"
kmcd347,client,CabbageTest123#,Africa/Bangui,"01/17/2021, 08:22:21"
lpar443,client,CabbageTest123#,Europe/Warsaw,"01/02/2021, 18:24:50"
tdav244,client,CabbageTest123#,America/Jamaica,"03/12/2021, 00:22:52"
smun180,client,CabbageTest123#,Asia/Amman,"03/12/2021, 13:15:46"
jber390,client,CabbageTest123#,Africa/Cairo,"03/07/2021, 02:46:30"
emcn222,client,CabbageTest123#,Asia/Kabul,"02/18/2021, 06:23:54"
ahow425,client,CabbageTest123#,Africa/Maseru,"02/03/2021, 04:36:19"
jwat229,client,CabbageTest123#,Asia/Yerevan,"03/16/2021, 00:48:50"
jmat327,client,CabbageTest123#,Asia/Bishkek,"01/09/2021, 06:13:05"
korr147,client,CabbageTest123#,Africa/Lagos,"02/22/2021, 20:52:41"
jspe438,client,CabbageTest123#,Indian/Maldives,"02/13/2021, 03:18:39"
dsny512,client,CabbageTest123#,Asia/Amman,"01/27/2021, 21:18:27"
amil542,client,CabbageTest123#,Asia/Brunei,"03/03/2021, 06:22:10"
pwhe404,client,CabbageTest123#,Pacific/Port_Moresby,"01/17/2021, 17:56:47"
tsil9,client,CabbageTest123#,Europe/Athens,"02/26/2021, 00:36:25"
amar411,client,CabbageTest123#,America/Barbados,"01/08/2021, 11:45:51"
sher533,client,CabbageTest123#,Europe/Zagreb,"03/23/2021, 22:48:37"
rgar260,client,CabbageTest123#,Africa/Khartoum,"02/09/2021, 14:50:18"
jant539,client,CabbageTest123#,Asia/Dushanbe,"04/18/2021, 03:43:54"
lpet323,client,CabbageTest123#,Asia/Tehran,"02/07/2021, 19:21:54"
nwel407,client,CabbageTest123#,Europe/Samara,"01/03/2021, 21:32:16"
ytra535,client,CabbageTest123#,Asia/Nicosia,"03/17/2021, 07:14:38"
lwil127,client,CabbageTest123#,Asia/Beirut,"04/03/2021, 17:30:59"
hrob277,client,CabbageTest123#,Europe/Istanbul,"03/12/2021, 20:28:43"
pjoh145,client,CabbageTest123#,Asia/Ulaanbaatar,"02/15/2021, 05:56:30"
atho334,client,CabbageTest123#,America/Managua,"01/08/2021, 16:25:04"
mfer245,client,CabbageTest123#,Africa/Djibouti,"01/24/2021, 15:07:17"
mmoo24,client,CabbageTest123#,Europe/Ljubljana,"01/08/2021, 07:04:30"
lcas499,client,CabbageTest123#,America/La_Paz,"02/19/2021, 19:25:22"
mhan513,client,CabbageTest123#,Europe/Luxembourg,"04/05/2021, 01:56:08"
bmax153,client,CabbageTest123#,Asia/Amman,"03/05/2021, 11:33:48"
sedw163,client,CabbageTest123#,Asia/Dili,"01/16/2021, 05:08:59"
lsim315,client,CabbageTest123#,Europe/Ljubljana,"03/21/2021, 04:37:48"
sgib173,client,CabbageTest123#,Asia/Hebron,"01/17/2021, 11:16:55"
rbut376,client,CabbageTest123#,Asia/Samarkand,"04/09/2021, 00:13:35"
rbra446,client,CabbageTest123#,Asia/Thimphu,"01/19/2021, 03:56:48"
kher514,client,CabbageTest123#,Pacific/Fiji,"01/08/2021, 03:26:42"
jbis318,client,CabbageTest123#,Africa/Abidjan,"03/04/2021, 14:48:14"
dcox534,client,CabbageTest123#,Africa/Addis_Ababa,"04/04/2021, 20:00:36"
afri345,client,CabbageTest123#,Europe/Brussels,"02/13/2021, 17:19:20"
jcla483,client,CabbageTest123#,Asia/Harbin,"04/17/2021, 15:05:03"
wmar369,client,CabbageTest123#,Europe/Sarajevo,"03/15/2021, 00:35:07"
tjoh70,client,CabbageTest123#,Asia/Bishkek,"02/15/2021, 12:17:30"
jhil88,client,CabbageTest123#,America/Paramaribo,"02/04/2021, 04:20:20"
asmi286,client,CabbageTest123#,America/Havana,"04/15/2021, 07:37:20"
gbel356,client,CabbageTest123#,Africa/Monrovia,"03/11/2021, 00:18:17"
ejoh140,client,CabbageTest123#,America/Recife,"02/22/2021, 02:18:12"
zmat13,client,CabbageTest123#,Asia/Nicosia,"04/08/2021, 11:06:59"
ajac58,client,CabbageTest123#,Europe/Vaduz,"01/26/2021, 13:04:32"
llop236,client,CabbageTest123#,Asia/Ashgabat,"01/13/2021, 20:22:40"
agre142,client,CabbageTest123#,Europe/Copenhagen,"02/07/2021, 11:56:08"
hgre438,client,CabbageTest123#,Africa/Mbabane,"04/01/2021, 15:32:08"
esco263,client,CabbageTest123#,Asia/Riyadh,"01/22/2021, 23:04:45"
kwal209,client,CabbageTest123#,Europe/San_Marino,"01/25/2021, 19:44:36"
dste268,client,CabbageTest123#,Africa/Tunis,"01/06/2021, 16:30:15"
yspe110,client,CabbageTest123#,America/Tegucigalpa,"03/18/2021, 23:16:27"
hall359,client,CabbageTest123#,Europe/Monaco,"02/09/2021, 23:31:10"
kpen323,client,CabbageTest123#,Africa/Gaborone,"01/27/2021, 15:06:37"
bros299,client,CabbageTest123#,Africa/Ceuta,"01/25/2021, 10:17:21"
espe158,client,CabbageTest123#,America/Belize,"03/09/2021, 05:19:44"
smor126,client,CabbageTest123#,Africa/Brazzaville,"01/25/2021, 14:25:45"
jcha112,client,CabbageTest123#,Africa/Gaborone,"03/02/2021, 10:32:38"
ilop108,client,CabbageTest123#,Asia/Bahrain,"01/14/2021, 17:24:52"
bngu457,client,CabbageTest123#,Europe/Copenhagen,"01/15/2021, 13:19:47"
rsan511,client,CabbageTest123#,Europe/Amsterdam,"02/17/2021, 09:01:09"
jcha39,client,CabbageTest123#,Africa/Maputo,"01/23/2021, 06:26:34"
mbra177,client,CabbageTest123#,Europe/Vaduz,"04/16/2021, 22:17:47"
dpat414,client,CabbageTest123#,Africa/Lusaka,"01/08/2021, 07:49:42"
tmor140,client,CabbageTest123#,Asia/Bishkek,"03/11/2021, 15:16:11"
hhar135,client,CabbageTest123#,Europe/Tirane,"03/27/2021, 20:57:35"
asmi137,client,CabbageTest123#,Europe/Vienna,"03/08/2021, 07:24:32"
mbro365,client,CabbageTest123#,Africa/Bangui,"01/04/2021, 21:19:53"
ccol93,client,CabbageTest123#,Africa/Lome,"03/13/2021, 18:16:14"
akra148,client,CabbageTest123#,Europe/Bucharest,"02/08/2021, 10:10:29"
bbla403,client,CabbageTest123#,Asia/Kuala_Lumpur,"01/17/2021, 23:46:16"
ccru233,client,CabbageTest123#,Indian/Mahe,"04/17/2021, 17:05:53"
dfie412,client,CabbageTest123#,Indian/Maldives,"04/01/2021, 07:40:30"
jtur72,client,CabbageTest123#,Europe/Warsaw,"01/27/2021, 21:38:50"
dsim105,client,CabbageTest123#,Africa/Maputo,"03/31/2021, 12:51:51"
mlee194,client,CabbageTest123#,Africa/Johannesburg,"01/30/2021, 12:12:02"
dmcf332,client,CabbageTest123#,Asia/Amman,"01/15/2021, 09:51:16"
kgra275,client,CabbageTest123#,America/La_Paz,"02/10/2021, 08:57:11"
abec203,client,CabbageTest123#,America/Barbados,"02/28/2021, 19:26:54"
mpri75,client,CabbageTest123#,Europe/Malta,"02/09/2021, 14:36:11"
mfry375,client,CabbageTest123#,Asia/Bishkek,"02/21/2021, 23:46:56"
jjoh176,client,CabbageTest123#,Europe/Sofia,"03/20/2021, 23:46:08"
kfar419,client,CabbageTest123#,Pacific/Kiritimati,"04/12/2021, 11:58:08"
srog499,client,CabbageTest123#,Africa/Mogadishu,"01/11/2021, 10:26:51"
ttay198,client,CabbageTest123#,Europe/Vaduz,"02/09/2021, 21:17:47"
jher74,client,CabbageTest123#,Pacific/Kwajalein,"03/05/2021, 08:47:22"
rree0,client,CabbageTest123#,Europe/Vatican,"02/17/2021, 10:00:42"
dlee336,client,CabbageTest123#,Asia/Damascus,"03/21/2021, 01:31:48"
mcla518,client,CabbageTest123#,Europe/Bratislava,"04/08/2021, 06:43:43"
rmur534,client,CabbageTest123#,Europe/Minsk,"01/03/2021, 10:23:17"
magu22,client,CabbageTest123#,Europe/Minsk,"02/19/2021, 00:18:34"
pcru400,client,CabbageTest123#,Indian/Maldives,"02/11/2021, 09:51:00"
bwri341,client,CabbageTest123#,Pacific/Ponape,"02/18/2021, 09:20:15"
ales452,client,CabbageTest123#,Asia/Thimphu,"03/08/2021, 12:46:44"
bmat128,client,CabbageTest123#,Europe/Vaduz,"03/30/2021, 13:19:31"
lbro455,client,CabbageTest123#,Europe/Prague,"02/01/2021, 04:33:33"
aiba26,client,CabbageTest123#,Africa/Bangui,"03/12/2021, 11:00:05"
jmcg323,client,CabbageTest123#,Asia/Kuwait,"03/25/2021, 23:27:32"
scar324,client,CabbageTest123#,Asia/Novosibirsk,"02/03/2021, 12:59:45"
sros127,client,CabbageTest123#,Europe/Vilnius,"01/22/2021, 01:24:43"
sjoh400,client,CabbageTest123#,Africa/Kampala,"03/09/2021, 03:34:14"
sjoh221,client,CabbageTest123#,Asia/Aqtau,"01/29/2021, 18:35:51"
mric504,client,CabbageTest123#,Europe/Berlin,"03/09/2021, 12:06:08"
sagu282,client,CabbageTest123#,Europe/Bratislava,"03/24/2021, 00:55:00"
kfit100,client,CabbageTest123#,Africa/Tripoli,"02/03/2021, 21:35:53"
csan267,client,CabbageTest123#,Asia/Baghdad,"02/16/2021, 00:05:42"
dmor347,client,CabbageTest123#,America/Jamaica,"02/02/2021, 19:33:42"
jbar105,client,CabbageTest123#,Africa/Bissau,"03/01/2021, 10:58:17"
dlee455,client,CabbageTest123#,America/Havana,"04/14/2021, 23:00:04"
mfig496,client,CabbageTest123#,Europe/Budapest,"04/18/2021, 01:43:19"
rrod295,client,CabbageTest123#,Europe/Warsaw,"04/03/2021, 17:35:46"
awal39,client,CabbageTest123#,America/Belize,"02/25/2021, 17:49:19"
wsan366,client,CabbageTest123#,Africa/Gaborone,"04/08/2021, 04:15:41"
bjoh268,client,CabbageTest123#,America/Panama,"01/26/2021, 03:00:59"
mlun249,client,CabbageTest123#,Asia/Irkutsk,"01/02/2021, 22:10:30"
wabb18,client,CabbageTest123#,Asia/Bahrain,"04/08/2021, 16:48:05"
kbro45,client,CabbageTest123#,Africa/Blantyre,"03/17/2021, 12:27:37"
drho419,client,CabbageTest123#,Africa/Khartoum,"04/18/2021, 14:24:01"
jhay431,client,CabbageTest123#,Asia/Tehran,"01/01/2021, 01:18:43"
gqui211,client,CabbageTest123#,Asia/Kuwait,"04/02/2021, 00:09:41"
tsul308,client,CabbageTest123#,Europe/Bucharest,"03/06/2021, 13:51:30"
arod472,client,CabbageTest123#,Africa/Freetown,"01/03/2021, 14:32:42"
rlar527,client,CabbageTest123#,America/Belize,"02/06/2021, 15:59:57"
swil252,client,CabbageTest123#,Europe/Helsinki,"01/09/2021, 19:09:59"
brei486,client,CabbageTest123#,America/Grenada,"04/16/2021, 05:33:49"
esmi179,client,CabbageTest123#,Indian/Mahe,"02/23/2021, 03:25:02"
ebry394,client,CabbageTest123#,Asia/Hebron,"02/17/2021, 00:13:27"
gcum339,client,CabbageTest123#,America/Asuncion,"01/08/2021, 08:42:48"
madk51,client,CabbageTest123#,Africa/Asmera,"02/17/2021, 23:39:51"
mlop531,client,CabbageTest123#,Africa/Windhoek,"01/10/2021, 09:29:37"
msim415,client,CabbageTest123#,Asia/Singapore,"03/23/2021, 12:35:25"
rher92,client,CabbageTest123#,Asia/Amman,"03/28/2021, 02:25:23"
stho158,client,CabbageTest123#,Europe/Uzhgorod,"02/02/2021, 02:02:25"
sday86,client,CabbageTest123#,Asia/Chongqing,"01/06/2021, 16:49:14"
mlop129,client,CabbageTest123#,Africa/Nairobi,"04/02/2021, 23:30:40"
nsim538,client,CabbageTest123#,Europe/Stockholm,"04/07/2021, 19:59:57"
dbuc444,client,CabbageTest123#,America/Belize,"01/08/2021, 19:49:06"
tnic154,client,CabbageTest123#,Pacific/Ponape,"03/17/2021, 00:36:09"
ksau224,client,CabbageTest123#,Africa/Windhoek,"03/16/2021, 10:19:50"
abra97,client,CabbageTest123#,America/Montevideo,"02/27/2021, 13:12:31"
kree505,client,CabbageTest123#,Asia/Katmandu,"03/29/2021, 22:06:36"
ppow185,client,CabbageTest123#,Pacific/Tongatapu,"02/20/2021, 14:38:00"
sshe283,client,CabbageTest123#,America/Grenada,"01/26/2021, 16:11:28"
dben488,client,CabbageTest123#,Europe/Istanbul,"03/24/2021, 23:38:31"
mcra316,client,CabbageTest123#,America/St_Lucia,"04/02/2021, 04:45:10"
sfra534,client,CabbageTest123#,America/Jamaica,"03/05/2021, 17:17:28"
jhol119,client,CabbageTest123#,America/St_Vincent,"02/10/2021, 01:49:35"
swil456,client,CabbageTest123#,Asia/Colombo,"01/30/2021, 10:06:16"
mtuc407,client,CabbageTest123#,America/Port_of_Spain,"03/11/2021, 12:56:36"
dmey408,client,CabbageTest123#,Europe/Vilnius,"03/02/2021, 21:02:50"
dkni405,client,CabbageTest123#,Africa/Kigali,"01/07/2021, 14:31:06"
rnel397,client,CabbageTest123#,America/Mexico_City,"01/25/2021, 23:34:47"
mwil397,client,CabbageTest123#,America/Santo_Domingo,"03/24/2021, 04:04:48"
bpow406,client,CabbageTest123#,Africa/Lome,"01/21/2021, 20:24:08"
bcol380,client,CabbageTest123#,Africa/Banjul,"04/06/2021, 02:21:01"
dgra266,client,CabbageTest123#,Africa/Bangui,"02/25/2021, 10:07:22"
mboo398,client,CabbageTest123#,Africa/Malabo,"02/27/2021, 22:22:33"
rmor355,client,CabbageTest123#,Asia/Tbilisi,"03/23/2021, 00:53:48"
agar301,client,CabbageTest123#,Europe/Rome,"04/07/2021, 22:52:42"
sweb349,client,CabbageTest123#,Europe/Prague,"02/20/2021, 00:49:02"
jcla172,client,CabbageTest123#,Africa/Ouagadougou,"03/18/2021, 22:10:43"
jmor210,client,CabbageTest123#,Africa/Bangui,"01/12/2021, 22:57:06"
cdav138,client,CabbageTest123#,Europe/Ljubljana,"03/25/2021, 05:50:39"
wvar204,client,CabbageTest123#,Europe/Copenhagen,"03/12/2021, 15:38:54"
rcas59,client,CabbageTest123#,America/Merida,"01/07/2021, 19:16:15"
bsch164,client,CabbageTest123#,America/Merida,"04/13/2021, 04:45:28"
dsco307,client,CabbageTest123#,Africa/Mbabane,"03/12/2021, 08:59:53"
srey460,client,CabbageTest123#,Asia/Riyadh,"04/02/2021, 08:57:26"
jand183,client,CabbageTest123#,Africa/Niamey,"01/15/2021, 13:48:03"
anel343,client,CabbageTest123#,America/Grenada,"04/14/2021, 14:16:34"
ctre450,client,CabbageTest123#,America/Guatemala,"03/19/2021, 14:57:46"
ajoh409,client,CabbageTest123#,Asia/Dili,"01/29/2021, 09:34:41"
bbro477,client,CabbageTest123#,Europe/Malta,"03/14/2021, 09:11:03"
seva360,client,CabbageTest123#,Asia/Dushanbe,"03/14/2021, 08:23:15"
hhug528,client,CabbageTest123#,Pacific/Tarawa,"02/07/2021, 03:07:01"
cgil121,client,CabbageTest123#,Indian/Mahe,"02/25/2021, 05:53:48"
jarn422,client,CabbageTest123#,America/Bogota,"02/11/2021, 22:25:09"
wsch113,client,CabbageTest123#,Asia/Kuching,"01/14/2021, 23:16:23"
meva36,client,CabbageTest123#,Asia/Dubai,"01/15/2021, 12:17:09"
wkle290,client,CabbageTest123#,Asia/Muscat,"03/13/2021, 02:17:01"
jlaw254,client,CabbageTest123#,America/Port_of_Spain,"03/28/2021, 16:52:18"
pmue97,client,CabbageTest123#,Africa/Khartoum,"01/16/2021, 14:23:01"
smar122,client,CabbageTest123#,America/La_Paz,"02/28/2021, 06:02:35"
dgib372,client,CabbageTest123#,Africa/Luanda,"04/02/2021, 02:08:57"
anel101,client,CabbageTest123#,Africa/Khartoum,"01/08/2021, 00:47:36"
mmon256,client,CabbageTest123#,Pacific/Easter,"02/21/2021, 17:02:24"
bfig338,client,CabbageTest123#,Asia/Dili,"03/09/2021, 03:21:51"
jgra88,client,CabbageTest123#,Africa/Kinshasa,"04/10/2021, 08:04:39"
rfor320,client,CabbageTest123#,Europe/Vatican,"01/09/2021, 10:21:46"
kbro299,client,CabbageTest123#,Africa/Freetown,"02/18/2021, 18:05:18"
pfre203,client,CabbageTest123#,Europe/Monaco,"02/13/2021, 11:17:34"
tcha427,client,CabbageTest123#,Africa/Tripoli,"01/24/2021, 19:52:51"
jper499,client,CabbageTest123#,America/Lima,"01/07/2021, 03:35:38"
csmi235,client,CabbageTest123#,Asia/Vientiane,"04/02/2021, 04:02:10"
dsam509,client,CabbageTest123#,America/St_Kitts,"02/24/2021, 00:14:15"
clee263,client,CabbageTest123#,Asia/Phnom_Penh,"02/04/2021, 04:51:18"
lkel267,client,CabbageTest123#,Africa/Asmera,"04/10/2021, 15:47:07"
jwal16,client,CabbageTest123#,Pacific/Efate,"03/12/2021, 07:10:27"
ehic273,client,CabbageTest123#,Africa/Lome,"01/13/2021, 18:12:56"
ghud155,client,CabbageTest123#,Europe/Prague,"02/05/2021, 13:28:10"
dcha244,client,CabbageTest123#,Africa/Tripoli,"01/06/2021, 00:11:56"
lbra47,client,CabbageTest123#,Europe/Vienna,"03/13/2021, 17:39:11"
lper274,client,CabbageTest123#,Asia/Gaza,"03/11/2021, 15:31:55"
shar441,client,CabbageTest123#,America/Paramaribo,"02/14/2021, 20:00:06"
wmar267,client,CabbageTest123#,Europe/Brussels,"02/05/2021, 19:27:03"
trey545,client,CabbageTest123#,America/Caracas,"01/03/2021, 11:03:41"
kmoo253,client,CabbageTest123#,America/Lima,"02/26/2021, 23:24:46"
afos333,client,CabbageTest123#,Asia/Saigon,"03/02/2021, 11:07:08"
thea147,client,CabbageTest123#,Pacific/Ponape,"03/04/2021, 18:53:23"
vwal399,client,CabbageTest123#,Pacific/Efate,"02/23/2021, 07:20:12"
dkir259,client,CabbageTest123#,Asia/Samarkand,"02/21/2021, 07:18:55"
tcha466,client,CabbageTest123#,Africa/Algiers,"02/03/2021, 04:25:04"
hmcc449,client,CabbageTest123#,Asia/Karachi,"02/23/2021, 02:50:45"
anel102,client,CabbageTest123#,America/Guyana,"03/02/2021, 05:01:48"
foli294,client,CabbageTest123#,Europe/Vatican,"04/17/2021, 20:30:26"
asco545,client,CabbageTest123#,Asia/Phnom_Penh,"01/11/2021, 03:02:14"
mwil106,client,CabbageTest123#,Indian/Maldives,"01/12/2021, 10:18:20"
dcra66,client,CabbageTest123#,Asia/Aden,"04/13/2021, 09:53:59"
jcal472,client,CabbageTest123#,Asia/Baku,"01/17/2021, 14:51:03"
jhic295,client,CabbageTest123#,America/Port_of_Spain,"02/26/2021, 14:01:50"
jpet219,client,CabbageTest123#,Pacific/Palau,"02/26/2021, 03:53:59"
jgra216,client,CabbageTest123#,Asia/Shanghai,"02/05/2021, 04:05:54"
ehic334,client,CabbageTest123#,Europe/Stockholm,"03/10/2021, 13:34:22"
tfre230,client,CabbageTest123#,Asia/Manila,"01/29/2021, 20:45:59"
dcoo72,client,CabbageTest123#,America/Nassau,"03/22/2021, 15:38:03"
mmir67,client,CabbageTest123#,Asia/Yerevan,"01/14/2021, 07:02:46"
bjon423,client,CabbageTest123#,America/Tegucigalpa,"01/09/2021, 04:53:42"
tlee110,client,CabbageTest123#,Africa/Porto-Novo,"04/16/2021, 12:00:40"
jleo293,client,CabbageTest123#,Asia/Kuwait,"04/12/2021, 09:26:35"
sgle86,client,CabbageTest123#,Europe/Brussels,"01/22/2021, 20:54:47"
mcoo507,client,CabbageTest123#,Pacific/Palau,"04/07/2021, 17:57:52"
mbus202,client,CabbageTest123#,Africa/Djibouti,"01/08/2021, 03:40:14"
droc161,client,CabbageTest123#,Asia/Dubai,"02/09/2021, 19:07:38"
kand471,client,CabbageTest123#,Africa/Kigali,"04/18/2021, 16:10:19"
mjac519,client,CabbageTest123#,America/Caracas,"03/27/2021, 04:00:48"
tvau255,client,CabbageTest123#,Europe/Riga,"03/21/2021, 11:41:36"
agre504,client,CabbageTest123#,America/Guayaquil,"03/07/2021, 12:37:26"
jwil215,client,CabbageTest123#,Asia/Nicosia,"02/19/2021, 18:17:31"
mtho137,client,CabbageTest123#,Africa/Bujumbura,"04/07/2021, 23:26:00"
dlee380,client,CabbageTest123#,America/Tegucigalpa,"01/27/2021, 15:06:55"
lgon429,client,CabbageTest123#,Europe/Helsinki,"03/11/2021, 00:06:55"
char487,client,CabbageTest123#,Europe/Helsinki,"02/10/2021, 19:13:25"
cboo65,client,CabbageTest123#,Europe/Zurich,"01/06/2021, 00:09:31"
mlin477,client,CabbageTest123#,America/Guayaquil,"02/03/2021, 17:05:31"
sgar107,client,CabbageTest123#,Europe/Monaco,"03/30/2021, 18:05:29"
mmit143,client,CabbageTest123#,America/St_Lucia,"04/17/2021, 03:55:13"
dmar68,client,CabbageTest123#,Africa/Freetown,"02/19/2021, 19:19:54"
jhan20,client,CabbageTest123#,Europe/Brussels,"03/10/2021, 03:37:41"
tvil237,client,CabbageTest123#,Africa/Ndjamena,"03/06/2021, 17:44:29"
akel435,client,CabbageTest123#,Africa/Abidjan,"04/14/2021, 01:06:53"
bdan159,client,CabbageTest123#,Pacific/Easter,"03/16/2021, 03:09:11"
raus466,client,CabbageTest123#,Asia/Riyadh,"03/13/2021, 10:28:35"
sbla458,client,CabbageTest123#,America/Panama,"01/24/2021, 19:11:31"
ezim449,client,CabbageTest123#,Asia/Hebron,"04/12/2021, 05:13:40"
amar16,client,CabbageTest123#,Europe/Copenhagen,"03/04/2021, 14:14:30"
rtor328,client,CabbageTest123#,Europe/London,"01/07/2021, 19:00:19"
rrho303,client,CabbageTest123#,Asia/Tashkent,"01/20/2021, 22:20:04"
cmur536,client,CabbageTest123#,Europe/Skopje,"04/06/2021, 03:09:50"
bwil441,client,CabbageTest123#,Europe/London,"02/23/2021, 02:33:15"
clee316,client,CabbageTest123#,Asia/Phnom_Penh,"01/28/2021, 12:17:20"
ggra392,client,CabbageTest123#,Asia/Singapore,"03/05/2021, 11:18:57"
njoh17,client,CabbageTest123#,Africa/Bujumbura,"03/09/2021, 04:33:53"
tcam160,client,CabbageTest123#,Africa/Mogadishu,"03/14/2021, 22:08:59"
esan7,client,CabbageTest123#,America/Nassau,"01/19/2021, 18:24:25"
vbut294,client,CabbageTest123#,Europe/Helsinki,"03/15/2021, 03:47:26"
kjoy270,client,CabbageTest123#,Africa/Kampala,"04/12/2021, 03:37:48"
jser22,client,CabbageTest123#,Europe/Monaco,"02/26/2021, 23:37:06"
llan235,client,CabbageTest123#,Africa/Maseru,"03/18/2021, 13:18:25"
srod101,client,CabbageTest123#,Asia/Damascus,"03/20/2021, 12:18:08"
bgra43,client,CabbageTest123#,America/La_Paz,"04/02/2021, 09:29:55"
dsta379,client,CabbageTest123#,Europe/Rome,"01/02/2021, 15:46:39"
jwri390,client,CabbageTest123#,Asia/Brunei,"02/02/2021, 06:44:32"
bper249,client,CabbageTest123#,Pacific/Palau,"03/02/2021, 20:13:11"
jbar459,client,CabbageTest123#,America/Bogota,"03/13/2021, 22:06:51"
jsim489,client,CabbageTest123#,Asia/Jayapura,"02/15/2021, 07:25:00"
hrya229,client,CabbageTest123#,Europe/Vienna,"02/14/2021, 04:52:50"
jgon21,client,CabbageTest123#,Pacific/Enderbury,"01/21/2021, 12:08:26"
lgar407,client,CabbageTest123#,Asia/Riyadh,"02/16/2021, 06:33:09"
ldav235,client,CabbageTest123#,Africa/Khartoum,"01/29/2021, 15:12:49"
abro482,client,CabbageTest123#,Asia/Baku,"04/01/2021, 01:28:48"
jbas250,client,CabbageTest123#,Asia/Calcutta,"03/21/2021, 07:23:03"
mhen9,client,CabbageTest123#,Europe/Stockholm,"03/07/2021, 20:03:24"
smon76,client,CabbageTest123#,Europe/San_Marino,"04/02/2021, 21:43:16"
jsex359,client,CabbageTest123#,Asia/Nicosia,"04/10/2021, 12:03:38"
rwhi378,client,CabbageTest123#,Europe/Vilnius,"02/01/2021, 11:41:03"
ppet451,client,CabbageTest123#,Africa/Johannesburg,"02/06/2021, 01:24:37"
jgar445,client,CabbageTest123#,Africa/Ndjamena,"01/02/2021, 19:09:38"
taus376,client,CabbageTest123#,Africa/Bissau,"01/10/2021, 12:02:36"
agra37,client,CabbageTest123#,Africa/Bamako,"02/25/2021, 12:25:04"
cgor480,client,CabbageTest123#,America/Monterrey,"03/25/2021, 18:01:51"
mlop409,client,CabbageTest123#,Europe/Vaduz,"03/26/2021, 04:07:38"
mkem284,client,CabbageTest123#,Africa/Banjul,"03/29/2021, 13:22:35"
jben448,client,CabbageTest123#,Europe/Rome,"02/12/2021, 01:46:40"
jmye520,client,CabbageTest123#,Asia/Bangkok,"03/08/2021, 12:22:17"
cher169,client,CabbageTest123#,Africa/Casablanca,"04/07/2021, 18:38:41"
smay69,client,CabbageTest123#,Asia/Kabul,"04/01/2021, 06:14:46"
pwil44,client,CabbageTest123#,Asia/Muscat,"02/16/2021, 17:28:30"
pbro136,client,CabbageTest123#,Europe/Tirane,"03/02/2021, 21:29:01"
ssha294,client,CabbageTest123#,America/Jamaica,"03/08/2021, 12:22:30"
dpet388,client,CabbageTest123#,Pacific/Guadalcanal,"03/21/2021, 16:21:44"
sjon382,client,CabbageTest123#,Africa/Cairo,"01/27/2021, 14:46:33"
lram47,client,CabbageTest123#,Europe/Riga,"01/19/2021, 18:43:18"
llew187,client,CabbageTest123#,America/Belize,"02/06/2021, 18:10:32"
gsan519,client,CabbageTest123#,Asia/Jerusalem,"02/11/2021, 03:54:50"
ator43,client,CabbageTest123#,Africa/Luanda,"02/04/2021, 11:34:53"
jcro49,client,CabbageTest123#,Asia/Calcutta,"03/16/2021, 15:09:09"
dmoo255,client,CabbageTest123#,Asia/Beirut,"01/14/2021, 17:32:47"
bsch287,client,CabbageTest123#,Europe/Podgorica,"04/12/2021, 20:11:35"
acar391,client,CabbageTest123#,America/Lima,"03/19/2021, 05:54:37"
mvin500,client,CabbageTest123#,Asia/Riyadh,"04/06/2021, 21:21:57"
lcla102,client,CabbageTest123#,Asia/Brunei,"04/02/2021, 05:56:46"
epat85,client,CabbageTest123#,Asia/Tashkent,"02/14/2021, 23:38:11"
bwhi144,client,CabbageTest123#,Asia/Jerusalem,"02/18/2021, 07:41:24"
tsmi393,client,CabbageTest123#,Africa/Ndjamena,"02/18/2021, 19:04:38"
emos147,client,CabbageTest123#,Asia/Pyongyang,"02/11/2021, 11:35:41"
rwar101,client,CabbageTest123#,Africa/Ndjamena,"03/14/2021, 00:03:21"
kriv72,client,CabbageTest123#,Africa/Bujumbura,"01/25/2021, 01:16:46"
dwal487,client,CabbageTest123#,America/Montevideo,"03/24/2021, 05:30:13"
whar211,client,CabbageTest123#,Africa/Malabo,"02/14/2021, 23:41:11"
jcla13,client,CabbageTest123#,Africa/Porto-Novo,"03/08/2021, 22:09:48"
lwil257,client,CabbageTest123#,Asia/Hebron,"02/09/2021, 11:34:45"
jwri331,client,CabbageTest123#,Europe/London,"04/07/2021, 08:15:11"
mmit425,client,CabbageTest123#,Asia/Singapore,"04/04/2021, 15:25:11"
mste228,client,CabbageTest123#,Asia/Damascus,"03/31/2021, 22:28:52"
mflo305,client,CabbageTest123#,Africa/Khartoum,"02/14/2021, 15:49:35"
ewri233,client,CabbageTest123#,Africa/Conakry,"01/30/2021, 19:52:22"
jhin338,client,CabbageTest123#,America/Dominica,"04/11/2021, 19:15:54"
esin292,client,CabbageTest123#,Europe/Bratislava,"04/12/2021, 14:18:27"
mmol257,client,CabbageTest123#,Asia/Hebron,"03/09/2021, 23:32:25"
wjoh270,client,CabbageTest123#,America/Montevideo,"03/19/2021, 00:42:08"
tros292,client,CabbageTest123#,America/Lima,"04/02/2021, 01:23:21"
mbec358,client,CabbageTest123#,Asia/Yerevan,"02/19/2021, 13:44:15"
jpal85,client,CabbageTest123#,America/Jamaica,"04/01/2021, 10:46:20"
jhow459,client,CabbageTest123#,Africa/Djibouti,"03/14/2021, 22:30:34"
eper373,client,CabbageTest123#,Asia/Vientiane,"02/19/2021, 17:42:03"
crom20,client,CabbageTest123#,Africa/Porto-Novo,"03/11/2021, 16:20:13"
khal61,client,CabbageTest123#,America/St_Vincent,"04/05/2021, 19:02:59"
cjac187,client,CabbageTest123#,Africa/Bangui,"03/15/2021, 17:39:02"
djar544,client,CabbageTest123#,America/Guayaquil,"03/10/2021, 19:30:55"
jbur249,client,CabbageTest123#,Asia/Yerevan,"02/03/2021, 01:57:09"
sdav506,client,CabbageTest123#,Asia/Qatar,"03/04/2021, 02:37:09"
npau505,client,CabbageTest123#,Africa/Asmera,"02/23/2021, 14:01:54"
scra139,client,CabbageTest123#,Africa/Windhoek,"01/01/2021, 20:10:30"
mfle153,client,CabbageTest123#,Europe/Skopje,"01/21/2021, 15:12:12"
jpot415,client,CabbageTest123#,Europe/Berlin,"01/13/2021, 06:35:38"
chal26,client,CabbageTest123#,Indian/Mahe,"04/13/2021, 02:29:06"
dmos173,client,CabbageTest123#,Europe/Andorra,"02/22/2021, 13:48:15"
aqui495,client,CabbageTest123#,America/Barbados,"01/23/2021, 22:52:53"
tnel189,client,CabbageTest123#,Africa/Dar_es_Salaam,"01/16/2021, 20:26:33"
blon424,client,CabbageTest123#,America/Halifax,"04/11/2021, 05:10:17"
cwar513,client,CabbageTest123#,Africa/Accra,"01/09/2021, 21:33:02"
prub531,client,CabbageTest123#,Africa/Conakry,"04/06/2021, 04:34:35"
jros342,client,CabbageTest123#,Europe/Paris,"01/01/2021, 18:30:46"
rcan397,client,CabbageTest123#,Asia/Tashkent,"03/17/2021, 19:02:22"
klee29,client,CabbageTest123#,America/Bogota,"02/02/2021, 00:30:35"
sjam254,client,CabbageTest123#,America/St_Lucia,"03/13/2021, 11:02:59"
kyou296,client,CabbageTest123#,Asia/Qatar,"03/01/2021, 22:14:01"
rwal87,client,CabbageTest123#,Europe/Budapest,"04/11/2021, 01:23:05"
ksch437,client,CabbageTest123#,Asia/Tehran,"01/20/2021, 09:21:03"
plyo177,client,CabbageTest123#,Atlantic/Cape_Verde,"03/04/2021, 09:26:53"
kwas148,client,CabbageTest123#,Asia/Calcutta,"03/10/2021, 14:40:21"
csmi510,client,CabbageTest123#,America/Managua,"02/17/2021, 00:35:48"
rguz478,client,CabbageTest123#,America/Lima,"03/02/2021, 16:43:39"
jtur463,client,CabbageTest123#,Africa/Khartoum,"03/24/2021, 13:52:30"
wsch534,client,CabbageTest123#,Africa/Lagos,"03/13/2021, 03:02:06"
cmar512,client,CabbageTest123#,Pacific/Guadalcanal,"02/27/2021, 11:00:35"
kter254,client,CabbageTest123#,Asia/Dubai,"04/18/2021, 06:44:08"
stho363,client,CabbageTest123#,Africa/Accra,"04/09/2021, 04:47:24"
eter50,client,CabbageTest123#,Africa/Khartoum,"03/22/2021, 12:48:52"
aper23,client,CabbageTest123#,Asia/Vladivostok,"04/16/2021, 08:41:13"
rsco416,client,CabbageTest123#,America/Lima,"02/04/2021, 06:28:21"
lcru408,client,CabbageTest123#,Europe/Istanbul,"04/08/2021, 13:34:46"
smen384,client,CabbageTest123#,Europe/Zurich,"01/02/2021, 07:54:51"
ljos210,client,CabbageTest123#,Africa/Dakar,"03/24/2021, 19:05:51"
jlar115,client,CabbageTest123#,Asia/Pyongyang,"01/11/2021, 07:31:44"
ewil524,client,CabbageTest123#,Asia/Muscat,"03/19/2021, 15:44:38"
dpet71,client,CabbageTest123#,Pacific/Majuro,"03/26/2021, 20:56:09"
rroa539,client,CabbageTest123#,Africa/Libreville,"03/26/2021, 02:57:43"
aowe476,client,CabbageTest123#,Africa/Tripoli,"04/17/2021, 00:21:36"
mmor399,client,CabbageTest123#,Europe/Dublin,"02/21/2021, 23:59:17"
tpit425,client,CabbageTest123#,Europe/Copenhagen,"03/04/2021, 02:37:13"
sand141,client,CabbageTest123#,Asia/Amman,"03/18/2021, 01:40:34"
jriv332,client,CabbageTest123#,America/Bogota,"02/24/2021, 07:20:11"
dcar63,client,CabbageTest123#,America/Costa_Rica,"02/26/2021, 03:22:47"
mdav271,client,CabbageTest123#,America/El_Salvador,"04/17/2021, 23:33:01"
ksch138,client,CabbageTest123#,Asia/Novosibirsk,"01/14/2021, 08:36:14"
cbai186,client,CabbageTest123#,Africa/Lagos,"03/03/2021, 08:46:34"
kort319,client,CabbageTest123#,Indian/Comoro,"02/01/2021, 08:15:40"
tlew506,client,CabbageTest123#,America/Managua,"01/25/2021, 12:38:51"
gmad129,client,CabbageTest123#,Africa/Windhoek,"02/24/2021, 09:01:58"
adia443,client,CabbageTest123#,Africa/Harare,"02/24/2021, 10:07:09"
jkim187,client,CabbageTest123#,Europe/Luxembourg,"01/08/2021, 00:58:23"
dwon89,client,CabbageTest123#,Asia/Bangkok,"01/30/2021, 05:03:48"
cbra363,client,CabbageTest123#,Asia/Samarkand,"01/15/2021, 12:37:51"
tste353,client,CabbageTest123#,America/Antigua,"04/14/2021, 06:57:26"
jpea4,client,CabbageTest123#,Asia/Dili,"04/13/2021, 17:43:50"
bher3,client,CabbageTest123#,Pacific/Auckland,"02/13/2021, 17:31:32"
jcoo394,client,CabbageTest123#,Europe/Sarajevo,"02/08/2021, 09:39:47"
wbow256,client,CabbageTest123#,Europe/Tirane,"03/28/2021, 03:43:37"
jhor446,client,CabbageTest123#,Africa/Cairo,"04/06/2021, 12:27:39"
pmck369,client,CabbageTest123#,Asia/Rangoon,"03/14/2021, 15:55:45"
lmoo540,client,CabbageTest123#,Africa/Tunis,"01/07/2021, 15:37:11"
tste423,client,CabbageTest123#,America/Guyana,"03/23/2021, 13:04:56"
cdav462,client,CabbageTest123#,Africa/Khartoum,"01/13/2021, 17:44:52"
ddic449,client,CabbageTest123#,Asia/Nicosia,"02/08/2021, 05:08:12"
mste225,client,CabbageTest123#,Europe/Budapest,"03/18/2021, 02:47:04"
jtho366,client,CabbageTest123#,Pacific/Apia,"04/05/2021, 00:02:23"
rrob504,client,CabbageTest123#,Asia/Yerevan,"02/20/2021, 06:09:48"
gbus284,client,CabbageTest123#,Asia/Seoul,"03/16/2021, 18:56:12"
cwil349,client,CabbageTest123#,Africa/Maputo,"04/07/2021, 13:22:38"
vmck170,client,CabbageTest123#,Asia/Vientiane,"02/12/2021, 20:46:55"
mcru334,client,CabbageTest123#,Asia/Nicosia,"02/07/2021, 11:13:50"
emon133,client,CabbageTest123#,Europe/Istanbul,"01/14/2021, 03:28:49"
bwee447,client,CabbageTest123#,America/Guatemala,"02/05/2021, 17:12:19"
cbry380,client,CabbageTest123#,Africa/Maputo,"03/11/2021, 08:46:12"
jlew258,client,CabbageTest123#,Africa/Monrovia,"02/10/2021, 13:30:03"
jweb126,client,CabbageTest123#,Pacific/Nauru,"04/05/2021, 11:25:32"
ltay319,client,CabbageTest123#,Asia/Tehran,"01/19/2021, 17:01:20"
csos542,client,CabbageTest123#,America/Maceio,"01/19/2021, 15:32:01"
njon295,client,CabbageTest123#,Europe/Monaco,"03/05/2021, 15:54:05"
rfau443,client,CabbageTest123#,Africa/Kampala,"02/16/2021, 20:49:01"
ejam389,client,CabbageTest123#,Europe/Vaduz,"02/24/2021, 22:04:39"
hleb370,client,CabbageTest123#,America/Lima,"01/09/2021, 03:35:29"
khor1,client,CabbageTest123#,Asia/Tokyo,"03/23/2021, 06:32:17"
mgar375,client,CabbageTest123#,Africa/Tunis,"04/06/2021, 22:12:32"
dpar543,client,CabbageTest123#,Africa/Brazzaville,"03/28/2021, 02:21:37"
bhay542,client,CabbageTest123#,Asia/Dhaka,"03/28/2021, 22:17:31"
pdel427,client,CabbageTest123#,America/Santiago,"03/22/2021, 19:22:40"
npea108,client,CabbageTest123#,Europe/San_Marino,"04/17/2021, 21:18:09"
kher459,client,CabbageTest123#,Europe/Belgrade,"01/12/2021, 05:15:49"
wjoh237,client,CabbageTest123#,Africa/Maseru,"03/12/2021, 23:31:50"
tfie8,client,CabbageTest123#,Indian/Antananarivo,"02/12/2021, 02:31:55"
abur541,client,CabbageTest123#,Europe/Sofia,"04/04/2021, 15:17:08"
ravi158,client,CabbageTest123#,Europe/Zurich,"03/01/2021, 12:42:59"
snol410,client,CabbageTest123#,Africa/Tripoli,"01/11/2021, 18:32:05"
myou309,client,CabbageTest123#,Africa/Lusaka,"01/25/2021, 03:36:15"
rhop130,client,CabbageTest123#,Africa/Dar_es_Salaam,"03/31/2021, 06:06:29"
mgom365,client,CabbageTest123#,Europe/Oslo,"02/12/2021, 06:13:58"
jhuf55,client,CabbageTest123#,Africa/Dakar,"01/09/2021, 22:42:26"
jfer167,client,CabbageTest123#,Africa/Freetown,"01/23/2021, 12:16:15"
jwal50,client,CabbageTest123#,Africa/Lagos,"03/14/2021, 22:35:38"
ddav263,client,CabbageTest123#,America/Port_of_Spain,"03/01/2021, 03:51:11"
dcoo300,client,CabbageTest123#,Indian/Mahe,"04/08/2021, 21:53:28"
dphi174,client,CabbageTest123#,America/Grenada,"04/17/2021, 21:00:56"
jric329,client,CabbageTest123#,Australia/Broken_Hill,"01/23/2021, 10:46:24"
gkel533,client,CabbageTest123#,Europe/Paris,"03/05/2021, 04:24:21"
mgut530,client,CabbageTest123#,Asia/Dubai,"03/06/2021, 03:38:59"
btho313,client,CabbageTest123#,America/Dawson,"03/22/2021, 05:08:07"
rtra327,client,CabbageTest123#,Africa/Mogadishu,"02/16/2021, 17:38:48"
stur64,client,CabbageTest123#,Asia/Nicosia,"01/01/2021, 10:45:11"
jpay329,client,CabbageTest123#,Europe/Monaco,"03/10/2021, 06:49:48"
kjoh228,client,CabbageTest123#,Asia/Singapore,"01/08/2021, 16:30:00"
rbar130,client,CabbageTest123#,America/Atikokan,"01/09/2021, 01:40:39"
scol100,client,CabbageTest123#,America/Bogota,"01/17/2021, 15:16:21"
jmay198,client,CabbageTest123#,America/Panama,"01/16/2021, 00:59:21"
dtru519,client,CabbageTest123#,Asia/Dushanbe,"03/09/2021, 11:23:17"
ptor201,client,CabbageTest123#,Africa/Kampala,"04/14/2021, 22:22:03"
srey257,client,CabbageTest123#,Europe/Riga,"03/27/2021, 00:04:36"
thay137,client,CabbageTest123#,Africa/Bangui,"01/16/2021, 03:03:16"
dliu546,client,CabbageTest123#,Australia/Perth,"04/09/2021, 07:31:12"
ntho492,client,CabbageTest123#,Asia/Vientiane,"02/18/2021, 18:46:40"
cham407,client,CabbageTest123#,Asia/Yerevan,"03/04/2021, 16:59:23"
rpat115,client,CabbageTest123#,America/Costa_Rica,"03/14/2021, 08:33:48"
alew419,client,CabbageTest123#,Africa/Sao_Tome,"02/10/2021, 19:38:50"
gdav270,client,CabbageTest123#,Europe/Sarajevo,"03/21/2021, 12:43:10"
awil256,client,CabbageTest123#,Africa/Maseru,"01/13/2021, 03:07:05"
mjoh502,client,CabbageTest123#,Europe/Andorra,"01/31/2021, 11:50:46"
alop281,client,CabbageTest123#,Europe/Vaduz,"03/19/2021, 18:24:35"
asan406,client,CabbageTest123#,Asia/Kabul,"03/25/2021, 10:43:58"
bsan548,client,CabbageTest123#,America/Panama,"01/12/2021, 02:47:24"
briv263,client,CabbageTest123#,Asia/Dhaka,"02/12/2021, 05:36:33"
dwhi236,client,CabbageTest123#,Asia/Bangkok,"02/03/2021, 12:26:26"
wmar73,client,CabbageTest123#,Africa/Abidjan,"04/15/2021, 19:36:43"
emcd436,client,CabbageTest123#,America/Maceio,"04/06/2021, 22:11:33"
jbro40,client,CabbageTest123#,America/La_Paz,"01/01/2021, 04:05:28"
jmil272,client,CabbageTest123#,America/Asuncion,"04/11/2021, 00:44:10"
cbla361,client,CabbageTest123#,Pacific/Efate,"02/20/2021, 19:12:41"
cbar356,client,CabbageTest123#,Europe/Vilnius,"02/15/2021, 16:29:06"
bhil54,client,CabbageTest123#,Europe/Zurich,"04/09/2021, 09:16:46"
bmar373,client,CabbageTest123#,Europe/Bratislava,"01/15/2021, 00:48:20"
rlop307,client,CabbageTest123#,Africa/Douala,"01/07/2021, 15:55:40"
gedw497,client,CabbageTest123#,Asia/Tehran,"02/28/2021, 17:13:33"
mjor129,client,CabbageTest123#,Africa/Libreville,"01/24/2021, 21:22:55"
jcra149,client,CabbageTest123#,Asia/Choibalsan,"02/03/2021, 17:56:27"
jcas186,client,CabbageTest123#,Asia/Jerusalem,"03/10/2021, 15:01:10"
cjon281,client,CabbageTest123#,Africa/Cairo,"04/04/2021, 06:47:53"
ngle325,client,CabbageTest123#,Europe/Amsterdam,"01/10/2021, 16:44:10"
djac490,client,CabbageTest123#,Africa/Maputo,"03/19/2021, 10:00:23"
amoo248,client,CabbageTest123#,Asia/Vientiane,"02/06/2021, 17:04:43"
amur326,client,CabbageTest123#,Europe/Chisinau,"01/02/2021, 12:32:48"
mbuc281,client,CabbageTest123#,Africa/Windhoek,"02/17/2021, 15:50:05"
cosb345,client,CabbageTest123#,Pacific/Kosrae,"01/15/2021, 17:23:12"
sand111,client,CabbageTest123#,Pacific/Enderbury,"02/21/2021, 20:10:06"
gban169,client,CabbageTest123#,America/Grenada,"02/28/2021, 18:54:21"
fmon204,client,CabbageTest123#,Africa/Addis_Ababa,"04/07/2021, 23:47:48"
ltho53,client,CabbageTest123#,Europe/Berlin,"03/01/2021, 16:58:53"
jgra197,client,CabbageTest123#,Europe/Vatican,"01/15/2021, 17:33:44"
bsim177,client,CabbageTest123#,Pacific/Tongatapu,"01/02/2021, 17:58:50"
aman533,client,CabbageTest123#,Asia/Riyadh,"01/14/2021, 09:26:48"
jsan73,client,CabbageTest123#,America/Argentina/La_Rioja,"04/09/2021, 06:27:01"
klit233,client,CabbageTest123#,Pacific/Kwajalein,"01/28/2021, 07:30:14"
cnav273,client,CabbageTest123#,Africa/Libreville,"04/14/2021, 10:06:54"
bbro47,client,CabbageTest123#,Africa/Lagos,"03/19/2021, 17:17:56"
kper457,client,CabbageTest123#,Asia/Samarkand,"01/20/2021, 15:44:11"
acar83,client,CabbageTest123#,America/Jamaica,"01/02/2021, 20:02:32"
vwoo489,client,CabbageTest123#,Asia/Calcutta,"04/09/2021, 04:25:04"
fbla375,client,CabbageTest123#,Asia/Yerevan,"01/21/2021, 06:09:46"
jbro408,client,CabbageTest123#,Asia/Vientiane,"01/26/2021, 11:40:15"
ggol459,client,CabbageTest123#,Europe/Dublin,"03/16/2021, 06:19:45"
elee73,client,CabbageTest123#,Asia/Tehran,"04/09/2021, 14:17:08"
kflo161,client,CabbageTest123#,Europe/Athens,"04/16/2021, 06:47:16"
mwoo304,client,CabbageTest123#,Australia/Sydney,"03/26/2021, 06:56:34"
dfor485,client,CabbageTest123#,Europe/Vatican,"02/13/2021, 22:34:58"
ttho545,client,CabbageTest123#,Pacific/Apia,"04/17/2021, 11:13:46"
srui233,client,CabbageTest123#,Pacific/Tongatapu,"04/13/2021, 05:32:25"
erob236,client,CabbageTest123#,Africa/Abidjan,"02/16/2021, 08:49:52"
agib139,client,CabbageTest123#,Europe/Sarajevo,"01/01/2021, 09:15:07"
mray287,client,CabbageTest123#,Africa/Windhoek,"03/08/2021, 19:53:20"
aboo171,client,CabbageTest123#,Pacific/Tongatapu,"04/14/2021, 17:46:36"
dwil277,client,CabbageTest123#,Africa/Ouagadougou,"02/21/2021, 05:16:26"
josb177,client,CabbageTest123#,Africa/Bujumbura,"02/10/2021, 12:31:04"
zpet18,client,CabbageTest123#,Asia/Riyadh,"03/31/2021, 09:41:41"
cbar149,client,CabbageTest123#,Asia/Seoul,"02/23/2021, 16:58:01"
jwat54,client,CabbageTest123#,Europe/Berlin,"02/17/2021, 12:14:02"
reva525,client,CabbageTest123#,America/La_Paz,"03/19/2021, 09:30:37"
dbro310,client,CabbageTest123#,America/El_Salvador,"01/12/2021, 16:50:26"
sjam31,client,CabbageTest123#,Africa/Bamako,"04/02/2021, 22:19:48"
ccar239,client,CabbageTest123#,America/Guatemala,"04/05/2021, 10:52:34"
kbro125,client,CabbageTest123#,Asia/Bahrain,"02/09/2021, 15:19:54"
jhar260,client,CabbageTest123#,Europe/San_Marino,"02/13/2021, 07:29:27"
bphi476,client,CabbageTest123#,Asia/Manila,"03/03/2021, 11:07:31"
lsch289,client,CabbageTest123#,Europe/Vienna,"01/02/2021, 19:24:58"
dyou266,client,CabbageTest123#,America/Guatemala,"02/04/2021, 00:00:22"
csmi141,client,CabbageTest123#,Europe/Monaco,"01/29/2021, 04:15:35"
sgar272,client,CabbageTest123#,America/Guyana,"02/12/2021, 13:36:56"
lbro335,client,CabbageTest123#,Europe/Tallinn,"03/15/2021, 01:17:20"
mjoh291,client,CabbageTest123#,America/St_Johns,"02/04/2021, 21:00:17"
awes398,client,CabbageTest123#,Asia/Dushanbe,"02/04/2021, 22:30:43"
jgai1,client,CabbageTest123#,Europe/Tallinn,"04/14/2021, 19:28:06"
jhay506,client,CabbageTest123#,America/Port_of_Spain,"03/02/2021, 17:22:52"
egon501,client,CabbageTest123#,Asia/Thimphu,"01/29/2021, 18:02:52"
jbax481,client,CabbageTest123#,Asia/Katmandu,"02/06/2021, 23:05:03"
gwol172,client,CabbageTest123#,Africa/Casablanca,"03/19/2021, 03:38:29"
adou322,client,CabbageTest123#,Africa/Kampala,"04/13/2021, 21:00:21"
jmar372,client,CabbageTest123#,America/Panama,"01/18/2021, 15:28:09"
bjon531,client,CabbageTest123#,Asia/Rangoon,"01/26/2021, 16:26:49"
aher538,client,CabbageTest123#,Pacific/Port_Moresby,"01/16/2021, 05:29:16"
chil170,client,CabbageTest123#,Africa/Bamako,"02/12/2021, 08:29:17"
ckin425,client,CabbageTest123#,Indian/Antananarivo,"03/03/2021, 05:32:15"
hhar426,client,CabbageTest123#,Asia/Rangoon,"02/22/2021, 19:16:13"
hpru211,client,CabbageTest123#,Africa/Mbabane,"04/10/2021, 06:49:49"
sste433,client,CabbageTest123#,America/Guatemala,"02/06/2021, 02:12:44"
khar149,client,CabbageTest123#,Asia/Baghdad,"03/21/2021, 08:40:20"
wste428,client,CabbageTest123#,Africa/Mbabane,"03/20/2021, 22:06:55"
arob522,client,CabbageTest123#,America/Jamaica,"03/12/2021, 10:07:52"
dban158,client,CabbageTest123#,Africa/Mogadishu,"01/15/2021, 04:39:53"
stho315,client,CabbageTest123#,Asia/Rangoon,"04/10/2021, 14:40:44"
ebro531,client,CabbageTest123#,Asia/Karachi,"01/27/2021, 01:06:03"
jhug203,client,CabbageTest123#,Europe/Athens,"01/12/2021, 13:22:00"
swil350,client,CabbageTest123#,Asia/Saigon,"04/07/2021, 03:48:56"
bmir260,client,CabbageTest123#,Europe/Vienna,"03/06/2021, 12:36:49"
goli389,client,CabbageTest123#,Europe/Budapest,"04/09/2021, 10:53:55"
sosb358,client,CabbageTest123#,Asia/Jerusalem,"04/16/2021, 13:41:41"
abar463,client,CabbageTest123#,Europe/Brussels,"02/03/2021, 02:47:44"
dhil228,client,CabbageTest123#,Asia/Brunei,"03/23/2021, 07:10:40"
smck389,client,CabbageTest123#,Indian/Maldives,"02/01/2021, 00:28:49"
tsmi20,client,CabbageTest123#,Africa/Casablanca,"01/11/2021, 19:11:10"
kkan165,client,CabbageTest123#,Africa/Brazzaville,"02/28/2021, 05:30:26"
cjon115,client,CabbageTest123#,Africa/Luanda,"02/06/2021, 22:26:26"
mand168,client,CabbageTest123#,Pacific/Nauru,"01/26/2021, 16:18:53"
ddav509,client,CabbageTest123#,Europe/Zagreb,"02/27/2021, 14:19:50"
chud173,client,CabbageTest123#,Asia/Samarkand,"02/12/2021, 13:58:10"
then150,client,CabbageTest123#,America/Panama,"03/07/2021, 06:15:40"
slar264,client,CabbageTest123#,Asia/Colombo,"02/15/2021, 04:00:13"
pmon325,client,CabbageTest123#,Europe/Brussels,"02/13/2021, 00:47:20"
vwar470,client,CabbageTest123#,Europe/Prague,"04/05/2021, 04:56:12"
rram219,client,CabbageTest123#,Pacific/Fiji,"01/13/2021, 01:53:55"
rber284,client,CabbageTest123#,Europe/Luxembourg,"02/13/2021, 15:05:30"
mjoh240,client,CabbageTest123#,Asia/Baku,"04/03/2021, 15:09:29"
tcla96,client,CabbageTest123#,Africa/Johannesburg,"03/13/2021, 08:02:37"
lrod400,client,CabbageTest123#,America/Costa_Rica,"03/19/2021, 09:54:36"
zchu319,client,CabbageTest123#,America/El_Salvador,"01/21/2021, 14:21:38"
jfle489,client,CabbageTest123#,Asia/Singapore,"03/20/2021, 05:09:09"
ksan497,client,CabbageTest123#,America/Bogota,"03/13/2021, 05:54:34"
mmil196,client,CabbageTest123#,Asia/Dubai,"01/05/2021, 15:58:40"
mmcc479,client,CabbageTest123#,America/Montevideo,"01/09/2021, 01:24:25"
sste491,client,CabbageTest123#,America/Guyana,"02/15/2021, 18:39:20"
ckim295,client,CabbageTest123#,Africa/Conakry,"02/06/2021, 18:53:10"
awag116,client,CabbageTest123#,Africa/Libreville,"02/19/2021, 09:31:07"
mrog182,client,CabbageTest123#,Asia/Muscat,"03/15/2021, 11:08:38"
jdix120,client,CabbageTest123#,Pacific/Galapagos,"02/20/2021, 06:26:47"
jjos457,client,CabbageTest123#,Europe/Amsterdam,"04/06/2021, 12:05:45"
jsul423,client,CabbageTest123#,Europe/Prague,"03/24/2021, 22:44:41"
sspa544,client,CabbageTest123#,Africa/Tripoli,"03/16/2021, 20:28:56"
cgra227,client,CabbageTest123#,Atlantic/Cape_Verde,"03/11/2021, 15:18:35"
gher233,client,CabbageTest123#,Asia/Riyadh,"02/09/2021, 05:02:39"
rkim409,client,CabbageTest123#,Europe/Prague,"01/20/2021, 20:55:20"
wcra221,client,CabbageTest123#,America/Costa_Rica,"03/20/2021, 05:38:29"
ksal510,client,CabbageTest123#,Asia/Brunei,"04/04/2021, 22:23:55"
djoy445,client,CabbageTest123#,America/Boa_Vista,"02/01/2021, 13:48:58"
mmil477,client,CabbageTest123#,Asia/Baghdad,"02/18/2021, 13:49:28"
jjoh474,client,CabbageTest123#,Europe/Podgorica,"02/11/2021, 20:35:00"
lhoo152,client,CabbageTest123#,Africa/Tripoli,"02/03/2021, 04:27:01"
rsan104,client,CabbageTest123#,Asia/Aqtau,"03/08/2021, 12:15:45"
krod240,client,CabbageTest123#,Asia/Muscat,"01/28/2021, 02:12:28"
mrya145,client,CabbageTest123#,Europe/Tirane,"04/02/2021, 03:19:03"
sand477,client,CabbageTest123#,Africa/Luanda,"01/24/2021, 18:51:25"
rwil478,client,CabbageTest123#,Europe/Athens,"01/31/2021, 22:14:19"
mbur10,client,CabbageTest123#,Pacific/Truk,"02/02/2021, 07:07:03"
asin270,client,CabbageTest123#,Europe/Bratislava,"01/09/2021, 15:30:36"
sgon381,client,CabbageTest123#,Asia/Colombo,"02/10/2021, 10:09:56"
tfra39,client,CabbageTest123#,Africa/Johannesburg,"03/02/2021, 11:26:19"
mcha297,client,CabbageTest123#,Pacific/Tongatapu,"02/20/2021, 02:06:57"
rcan414,client,CabbageTest123#,America/Panama,"03/24/2021, 10:55:40"
hden240,client,CabbageTest123#,Europe/Andorra,"02/11/2021, 23:58:42"
kper527,client,CabbageTest123#,Europe/Istanbul,"03/29/2021, 01:01:20"
seat469,client,CabbageTest123#,Pacific/Apia,"03/10/2021, 06:20:19"
apet538,client,CabbageTest123#,Africa/Nouakchott,"02/20/2021, 23:02:43"
bsch76,client,CabbageTest123#,Africa/Tunis,"04/01/2021, 10:43:00"
csch142,client,CabbageTest123#,Atlantic/Madeira,"01/31/2021, 23:57:41"
mgre205,client,CabbageTest123#,Pacific/Galapagos,"03/06/2021, 00:19:20"
rgra354,client,CabbageTest123#,Atlantic/Reykjavik,"01/08/2021, 04:10:41"
rcox526,client,CabbageTest123#,Africa/Lagos,"01/06/2021, 01:03:37"
vjon259,client,CabbageTest123#,Europe/Berlin,"04/17/2021, 01:38:33"
tsmi426,client,CabbageTest123#,Africa/Bissau,"03/18/2021, 00:16:33"
lril286,client,CabbageTest123#,Africa/Nairobi,"01/27/2021, 10:32:41"
lwhi506,client,CabbageTest123#,Africa/Windhoek,"02/19/2021, 18:12:12"
kle36,client,CabbageTest123#,America/Tegucigalpa,"04/18/2021, 12:35:56"
sjen376,client,CabbageTest123#,Africa/Addis_Ababa,"03/13/2021, 00:25:52"
gpru396,client,CabbageTest123#,Africa/Casablanca,"04/17/2021, 05:07:49"
sphi504,client,CabbageTest123#,America/Havana,"01/31/2021, 08:25:23"
lfor72,client,CabbageTest123#,Africa/Freetown,"03/27/2021, 19:04:57"
dngu380,client,CabbageTest123#,Africa/Porto-Novo,"04/05/2021, 10:55:06"
djoh261,client,CabbageTest123#,America/Guyana,"02/11/2021, 08:21:15"
bgar496,client,CabbageTest123#,Europe/Riga,"02/17/2021, 12:01:12"
rmar433,client,CabbageTest123#,Africa/Ouagadougou,"03/04/2021, 21:57:04"
aand275,client,CabbageTest123#,Europe/Brussels,"01/20/2021, 09:47:00"
sedw168,client,CabbageTest123#,Europe/Sofia,"01/29/2021, 05:16:05"
jhof83,client,CabbageTest123#,America/Santo_Domingo,"04/11/2021, 05:39:50"
dhan471,client,CabbageTest123#,Africa/Mbabane,"02/21/2021, 08:04:17"
sper288,client,CabbageTest123#,Europe/Stockholm,"03/03/2021, 16:05:40"
dlin507,client,CabbageTest123#,Europe/Vilnius,"03/08/2021, 03:29:58"
kjen497,client,CabbageTest123#,America/Argentina/Cordoba,"04/03/2021, 11:26:35"
rgib520,client,CabbageTest123#,Indian/Maldives,"01/27/2021, 09:15:22"
rmcg62,client,CabbageTest123#,Africa/Gaborone,"02/07/2021, 03:23:09"
rarm281,client,CabbageTest123#,Africa/Blantyre,"04/07/2021, 06:38:13"
nmit124,client,CabbageTest123#,Africa/Malabo,"03/29/2021, 19:45:48"
kjoh12,client,CabbageTest123#,America/Guatemala,"01/28/2021, 09:21:52"
cgom444,client,CabbageTest123#,America/Dominica,"01/15/2021, 11:28:42"
cham426,client,CabbageTest123#,Africa/Djibouti,"01/30/2021, 09:23:48"
acol528,client,CabbageTest123#,America/Jamaica,"01/16/2021, 08:26:41"
jmor411,client,CabbageTest123#,Pacific/Palau,"01/24/2021, 10:31:30"
kmon124,client,CabbageTest123#,Europe/Berlin,"02/23/2021, 10:36:35"
mgre2,client,CabbageTest123#,Africa/Monrovia,"02/26/2021, 15:16:18"
jcoo172,client,CabbageTest123#,Africa/Nouakchott,"02/18/2021, 04:20:27"
cfre110,client,CabbageTest123#,Asia/Tokyo,"03/31/2021, 22:35:21"
jbak510,client,CabbageTest123#,Asia/Calcutta,"04/14/2021, 22:28:58"
kmcg1,client,CabbageTest123#,Europe/London,"02/05/2021, 12:31:14"
kbro451,client,CabbageTest123#,Europe/Sarajevo,"02/02/2021, 21:55:20"
kwil171,client,CabbageTest123#,America/Bogota,"02/18/2021, 11:31:57"
jbal273,client,CabbageTest123#,America/Juneau,"01/01/2021, 08:11:05"
kbak19,client,CabbageTest123#,Africa/Dar_es_Salaam,"01/09/2021, 12:57:20"
cjoh467,client,CabbageTest123#,Asia/Samarkand,"04/08/2021, 09:53:49"
ccar150,client,CabbageTest123#,Europe/Riga,"02/14/2021, 13:27:21"
mtay223,client,CabbageTest123#,Asia/Riyadh,"01/06/2021, 22:22:06"
erob38,client,CabbageTest123#,Africa/Abidjan,"01/08/2021, 05:21:29"
jray19,client,CabbageTest123#,America/La_Paz,"02/26/2021, 09:50:09"
cwee183,client,CabbageTest123#,Asia/Seoul,"03/30/2021, 20:27:53"
gben537,client,CabbageTest123#,Pacific/Apia,"03/28/2021, 22:40:50"
kher48,client,CabbageTest123#,America/Nassau,"04/04/2021, 01:30:54"
ckra541,client,CabbageTest123#,Asia/Thimphu,"03/11/2021, 07:20:33"
bgut88,client,CabbageTest123#,Europe/Podgorica,"03/21/2021, 14:21:20"
jsol184,client,CabbageTest123#,Europe/Malta,"01/10/2021, 02:50:20"
msmi135,client,CabbageTest123#,Asia/Kuching,"04/13/2021, 06:36:00"
ajoh220,client,CabbageTest123#,Africa/Libreville,"04/10/2021, 11:36:00"
jbla244,client,CabbageTest123#,Europe/London,"01/19/2021, 07:09:32"
dwhi213,client,CabbageTest123#,Pacific/Nauru,"01/04/2021, 16:46:50"
anea67,client,CabbageTest123#,Asia/Amman,"04/14/2021, 20:02:23"
gphi7,client,CabbageTest123#,Asia/Riyadh,"03/10/2021, 02:58:42"
zwal191,client,CabbageTest123#,Europe/Copenhagen,"04/06/2021, 06:13:53"
vlaw180,client,CabbageTest123#,Africa/Mogadishu,"03/05/2021, 22:07:30"
bcha342,client,CabbageTest123#,America/Yellowknife,"02/03/2021, 21:53:17"
ayor45,client,CabbageTest123#,Africa/Libreville,"03/29/2021, 05:54:19"
aham493,client,CabbageTest123#,Asia/Samarkand,"03/22/2021, 00:52:55"
apow465,client,CabbageTest123#,Asia/Pyongyang,"02/14/2021, 01:25:05"
mros477,client,CabbageTest123#,Asia/Tehran,"03/25/2021, 09:19:39"
mbas344,client,CabbageTest123#,Europe/Warsaw,"04/01/2021, 17:26:37"
jtow524,client,CabbageTest123#,America/Dominica,"01/17/2021, 03:46:34"
spat468,client,CabbageTest123#,Pacific/Chatham,"04/14/2021, 03:53:34"
tcol285,client,CabbageTest123#,Africa/Kampala,"02/20/2021, 22:56:47"
earn153,client,CabbageTest123#,Asia/Colombo,"01/01/2021, 04:07:57"
jlee317,client,CabbageTest123#,Europe/Ljubljana,"02/08/2021, 20:24:01"
srod284,client,CabbageTest123#,Asia/Dushanbe,"03/14/2021, 06:54:16"
vmor207,client,CabbageTest123#,Europe/Athens,"01/18/2021, 09:58:42"
dand183,client,CabbageTest123#,America/Guatemala,"01/06/2021, 15:46:00"
mvan503,client,CabbageTest123#,Africa/Ndjamena,"04/15/2021, 03:01:10"
bhar458,client,CabbageTest123#,Africa/Lagos,"04/17/2021, 04:27:33"
jsmi415,client,CabbageTest123#,America/Jamaica,"04/07/2021, 08:54:29"
nhof398,client,CabbageTest123#,America/Tegucigalpa,"04/12/2021, 06:18:48"
hbre77,client,CabbageTest123#,Europe/Ljubljana,"04/13/2021, 20:08:13"
scam113,client,CabbageTest123#,Asia/Katmandu,"01/16/2021, 14:10:23"
kpow96,client,CabbageTest123#,Europe/Minsk,"01/18/2021, 13:30:43"
jsmi353,client,CabbageTest123#,Africa/Lubumbashi,"01/07/2021, 21:09:07"
dhod102,client,CabbageTest123#,Africa/Maseru,"04/18/2021, 05:00:11"
tcam527,client,CabbageTest123#,Asia/Taipei,"03/24/2021, 17:21:26"
dhog100,client,CabbageTest123#,Africa/Blantyre,"01/29/2021, 04:07:18"
cphi208,client,CabbageTest123#,Europe/Dublin,"03/26/2021, 00:19:10"
dsmi112,client,CabbageTest123#,Asia/Dili,"03/31/2021, 08:43:18"
bham234,client,CabbageTest123#,Europe/San_Marino,"01/03/2021, 05:10:28"
dtor391,client,CabbageTest123#,Asia/Colombo,"02/13/2021, 09:36:59"
jbak513,client,CabbageTest123#,Europe/Malta,"01/29/2021, 19:20:08"
jgre457,client,CabbageTest123#,Africa/Blantyre,"02/07/2021, 02:01:24"
kste232,client,CabbageTest123#,America/Bogota,"03/20/2021, 05:20:24"
blon228,client,CabbageTest123#,America/Paramaribo,"04/06/2021, 13:08:45"
dshe37,client,CabbageTest123#,Africa/Cairo,"04/06/2021, 19:52:49"
kowe285,client,CabbageTest123#,Europe/Bucharest,"01/17/2021, 10:04:13"
tbak287,client,CabbageTest123#,America/Dominica,"03/05/2021, 11:04:06"
vsul85,client,CabbageTest123#,Asia/Thimphu,"02/05/2021, 04:47:12"
jsmi185,client,CabbageTest123#,Europe/Rome,"03/23/2021, 07:16:27"
tcal85,client,CabbageTest123#,America/Jamaica,"03/20/2021, 08:23:19"
nphi210,client,CabbageTest123#,Pacific/Easter,"03/29/2021, 17:52:45"
abra418,client,CabbageTest123#,Africa/Tripoli,"02/01/2021, 01:42:11"
bhub68,client,CabbageTest123#,Asia/Ashgabat,"02/20/2021, 18:28:32"
cphi436,client,CabbageTest123#,Pacific/Apia,"01/29/2021, 23:16:49"
jbar97,client,CabbageTest123#,Pacific/Palau,"01/17/2021, 19:03:16"
ehal210,client,CabbageTest123#,Africa/Mogadishu,"01/07/2021, 12:29:03"
aper264,client,CabbageTest123#,Asia/Bishkek,"04/10/2021, 19:32:56"
cwes47,client,CabbageTest123#,Pacific/Chatham,"02/09/2021, 09:31:28"
nboo242,client,CabbageTest123#,America/Costa_Rica,"03/03/2021, 23:01:05"
mstr482,client,CabbageTest123#,Africa/Harare,"01/28/2021, 17:03:15"
cmar324,client,CabbageTest123#,Europe/Vilnius,"03/31/2021, 08:10:23"
dsim533,client,CabbageTest123#,Asia/Aden,"01/28/2021, 03:22:49"
kbut417,client,CabbageTest123#,Europe/Vienna,"04/16/2021, 15:40:58"
fngu381,client,CabbageTest123#,America/Montevideo,"02/04/2021, 00:44:21"
zmcc320,client,CabbageTest123#,Atlantic/Cape_Verde,"01/08/2021, 17:22:55"
khar349,client,CabbageTest123#,Africa/Djibouti,"03/31/2021, 11:55:54"
gmck86,client,CabbageTest123#,America/Cancun,"03/09/2021, 06:44:46"
sjoh381,client,CabbageTest123#,Africa/Accra,"02/16/2021, 05:27:47"
tdaw368,client,CabbageTest123#,Europe/Andorra,"02/14/2021, 03:03:02"
pric141,client,CabbageTest123#,Pacific/Efate,"01/30/2021, 22:56:27"
wgri138,client,CabbageTest123#,Indian/Maldives,"02/24/2021, 10:13:27"
rhar485,client,CabbageTest123#,Africa/Banjul,"02/17/2021, 21:56:15"
aale283,client,CabbageTest123#,Asia/Singapore,"01/07/2021, 16:29:44"
bmil72,client,CabbageTest123#,America/Argentina/Buenos_Aires,"02/18/2021, 20:26:01"
tpar279,client,CabbageTest123#,Asia/Dubai,"02/20/2021, 11:41:49"
jkin234,client,CabbageTest123#,Atlantic/Reykjavik,"04/06/2021, 09:51:35"
rcam359,client,CabbageTest123#,Africa/Lagos,"03/26/2021, 21:03:23"
rmoo501,client,CabbageTest123#,Africa/Asmera,"03/17/2021, 16:05:09"
mmat120,client,CabbageTest123#,America/Montevideo,"03/24/2021, 19:37:30"
jpri509,client,CabbageTest123#,Pacific/Nauru,"02/24/2021, 05:44:08"
jdel105,client,CabbageTest123#,Asia/Dhaka,"03/13/2021, 04:09:39"
pfos540,client,CabbageTest123#,Europe/Zagreb,"03/29/2021, 21:06:15"
drog136,client,CabbageTest123#,Asia/Taipei,"03/22/2021, 01:44:55"
rlar334,client,CabbageTest123#,America/Havana,"01/23/2021, 00:27:28"
vwol53,client,CabbageTest123#,Africa/Harare,"03/25/2021, 10:38:14"
rfle167,client,CabbageTest123#,Atlantic/Reykjavik,"01/24/2021, 20:01:51"
kkin334,client,CabbageTest123#,Europe/Minsk,"01/08/2021, 13:00:55"
klit304,client,CabbageTest123#,America/Guayaquil,"03/05/2021, 22:52:57"
jdic237,client,CabbageTest123#,America/Managua,"02/22/2021, 00:12:14"
cree384,client,CabbageTest123#,America/Caracas,"02/06/2021, 17:50:34"
jcar417,client,CabbageTest123#,America/Havana,"03/16/2021, 20:46:50"
dham207,client,CabbageTest123#,Africa/Bangui,"03/11/2021, 02:12:48"
jgre438,client,CabbageTest123#,America/St_Kitts,"02/16/2021, 19:11:24"
jdau204,client,CabbageTest123#,America/Bogota,"03/14/2021, 02:23:43"
ljar174,client,CabbageTest123#,America/Costa_Rica,"01/19/2021, 14:46:53"
aobr90,client,CabbageTest123#,Asia/Thimphu,"03/13/2021, 09:56:22"
wmor187,client,CabbageTest123#,Asia/Beirut,"02/26/2021, 07:06:35"
sdav217,client,CabbageTest123#,Asia/Karachi,"01/28/2021, 06:04:52"
jmye69,client,CabbageTest123#,Asia/Taipei,"04/06/2021, 01:35:39"
wcar349,client,CabbageTest123#,Africa/Nouakchott,"01/01/2021, 17:52:27"
eell419,client,CabbageTest123#,Africa/Addis_Ababa,"02/14/2021, 15:08:19"
apac4,client,CabbageTest123#,Europe/Oslo,"01/04/2021, 19:28:34"
cjoh263,client,CabbageTest123#,Africa/Maputo,"02/02/2021, 21:28:04"
pcle520,client,CabbageTest123#,Africa/Dar_es_Salaam,"02/15/2021, 01:42:15"
dtur169,client,CabbageTest123#,Europe/Malta,"01/29/2021, 22:21:07"
jdom334,client,CabbageTest123#,Europe/Warsaw,"01/14/2021, 23:58:50"
priv437,client,CabbageTest123#,Indian/Mauritius,"04/10/2021, 20:42:23"
mtho129,client,CabbageTest123#,Europe/Dublin,"01/08/2021, 23:50:59"
hrob114,client,CabbageTest123#,Asia/Tokyo,"02/11/2021, 09:28:55"
rmat449,client,CabbageTest123#,Africa/Bamako,"03/08/2021, 00:07:03"
rwal79,client,CabbageTest123#,Europe/Tirane,"03/05/2021, 20:49:53"
dgon192,client,CabbageTest123#,Africa/Mogadishu,"03/11/2021, 14:33:04"
jmir312,client,CabbageTest123#,America/Hermosillo,"02/03/2021, 15:53:58"
jtho328,client,CabbageTest123#,America/Lima,"04/18/2021, 04:13:01"
rhun419,client,CabbageTest123#,America/Montevideo,"01/24/2021, 08:42:08"
jfig288,client,CabbageTest123#,Africa/Accra,"02/22/2021, 11:24:58"
krus73,client,CabbageTest123#,America/Tegucigalpa,"03/27/2021, 05:05:33"
jjon496,client,CabbageTest123#,Pacific/Nauru,"04/11/2021, 23:36:50"
sjoh356,client,CabbageTest123#,Africa/Luanda,"03/25/2021, 04:35:44"
asny396,client,CabbageTest123#,America/Argentina/Rio_Gallegos,"03/26/2021, 14:23:23"
shal223,client,CabbageTest123#,America/Antigua,"04/10/2021, 05:08:13"
hhaw403,client,CabbageTest123#,Pacific/Fiji,"02/06/2021, 10:20:34"
rcam293,client,CabbageTest123#,Africa/Bujumbura,"03/25/2021, 16:25:46"
lkel235,client,CabbageTest123#,Asia/Singapore,"03/14/2021, 22:49:38"
ecra351,client,CabbageTest123#,Europe/Sofia,"02/13/2021, 09:00:05"
ljoh430,client,CabbageTest123#,Europe/Sofia,"02/08/2021, 15:57:29"
jsim5,client,CabbageTest123#,Asia/Tehran,"02/26/2021, 07:31:09"
rpet267,client,CabbageTest123#,Atlantic/Cape_Verde,"03/16/2021, 08:36:21"
nhan222,client,CabbageTest123#,Africa/Tripoli,"04/07/2021, 09:53:04"
jwil457,client,CabbageTest123#,Africa/Lome,"02/18/2021, 03:51:17"
kedw400,client,CabbageTest123#,America/Merida,"01/16/2021, 00:21:49"
aben68,client,CabbageTest123#,Asia/Bahrain,"01/09/2021, 18:51:53"
btay474,client,CabbageTest123#,Africa/Mbabane,"01/13/2021, 19:26:18"
bbis157,client,CabbageTest123#,America/Havana,"01/17/2021, 14:01:15"
ahol369,client,CabbageTest123#,America/La_Paz,"03/05/2021, 00:37:57"
call391,client,CabbageTest123#,Africa/Djibouti,"04/01/2021, 21:36:20"
aell304,client,CabbageTest123#,America/Costa_Rica,"02/14/2021, 15:52:57"
vful86,client,CabbageTest123#,America/La_Paz,"01/31/2021, 02:20:24"
tril178,client,CabbageTest123#,Europe/Oslo,"02/11/2021, 01:35:30"
sgar169,client,CabbageTest123#,Indian/Mahe,"01/26/2021, 07:22:40"
awel327,client,CabbageTest123#,America/Santo_Domingo,"02/28/2021, 11:05:30"
cmos549,client,CabbageTest123#,Pacific/Apia,"02/23/2021, 15:41:24"
amad504,client,CabbageTest123#,Pacific/Guadalcanal,"02/10/2021, 09:30:39"
dmar29,client,CabbageTest123#,Europe/Lisbon,"03/26/2021, 19:41:04"
jriv494,client,CabbageTest123#,Europe/Copenhagen,"03/14/2021, 02:02:09"
mwil414,client,CabbageTest123#,Europe/Malta,"03/25/2021, 15:58:13"
zgra205,client,CabbageTest123#,Asia/Singapore,"01/15/2021, 07:21:31"
lhes523,client,CabbageTest123#,Africa/Luanda,"01/12/2021, 20:07:52"
gcar140,client,CabbageTest123#,Pacific/Tongatapu,"03/12/2021, 23:22:25"
ebak181,client,CabbageTest123#,America/Grenada,"01/19/2021, 23:40:14"
ccha48,client,CabbageTest123#,Pacific/Ponape,"01/11/2021, 20:27:23"
cwil189,client,CabbageTest123#,Europe/Budapest,"03/24/2021, 17:29:01"
kbry502,client,CabbageTest123#,Asia/Colombo,"02/24/2021, 13:43:49"
mand204,client,CabbageTest123#,Europe/Simferopol,"01/21/2021, 16:29:39"
dspe162,client,CabbageTest123#,Europe/Vatican,"03/28/2021, 12:24:17"
spar154,client,CabbageTest123#,Africa/Niamey,"02/21/2021, 11:53:57"
adav481,client,CabbageTest123#,Africa/Mbabane,"01/21/2021, 07:36:43"
kmit347,client,CabbageTest123#,Asia/Kabul,"03/22/2021, 04:25:11"
aree309,client,CabbageTest123#,Asia/Damascus,"03/08/2021, 07:27:23"
rnol139,client,CabbageTest123#,America/Guayaquil,"01/10/2021, 05:15:51"
jmil70,client,CabbageTest123#,America/Managua,"01/15/2021, 14:31:21"
esmi544,client,CabbageTest123#,Asia/Muscat,"03/07/2021, 23:21:21"
rmcf48,client,CabbageTest123#,America/Antigua,"02/03/2021, 03:35:59"
apit451,client,CabbageTest123#,Atlantic/Reykjavik,"03/07/2021, 20:20:08"
kwea96,client,CabbageTest123#,Indian/Maldives,"02/19/2021, 08:12:03"
jwhi385,client,CabbageTest123#,Africa/Abidjan,"01/17/2021, 12:21:36"
kjoh4,client,CabbageTest123#,Europe/Warsaw,"03/20/2021, 11:33:06"
djoh114,client,CabbageTest123#,Europe/Ljubljana,"04/03/2021, 23:15:12"
esan231,client,CabbageTest123#,Europe/Simferopol,"01/22/2021, 08:15:55"
jvel51,client,CabbageTest123#,Europe/Oslo,"04/09/2021, 20:21:33"
sngu313,client,CabbageTest123#,America/Port_of_Spain,"03/22/2021, 11:26:35"
bbon39,client,CabbageTest123#,Indian/Mahe,"02/02/2021, 15:26:12"
sjon350,client,CabbageTest123#,America/Santiago,"04/17/2021, 00:24:14"
rhan320,client,CabbageTest123#,Asia/Kuwait,"02/01/2021, 04:57:30"
lmon162,client,CabbageTest123#,Asia/Thimphu,"01/27/2021, 18:41:34"
kwat50,client,CabbageTest123#,Asia/Kuala_Lumpur,"04/15/2021, 19:02:20"
mpar372,client,CabbageTest123#,Pacific/Galapagos,"01/21/2021, 13:53:36"
mhuf430,client,CabbageTest123#,America/Belize,"04/08/2021, 18:15:01"
jgar455,client,CabbageTest123#,Pacific/Port_Moresby,"02/02/2021, 12:53:06"
tlee457,client,CabbageTest123#,Europe/Budapest,"01/12/2021, 13:57:26"
cbra306,client,CabbageTest123#,Pacific/Enderbury,"03/01/2021, 00:54:44"
kwat58,client,CabbageTest123#,Asia/Nicosia,"02/05/2021, 21:31:55"
bsos278,client,CabbageTest123#,Europe/Andorra,"02/26/2021, 23:17:33"
aben544,client,CabbageTest123#,America/Barbados,"04/01/2021, 09:37:05"
abis70,client,CabbageTest123#,Africa/Kampala,"01/31/2021, 16:45:59"
sjac6,client,CabbageTest123#,America/Tegucigalpa,"01/16/2021, 14:07:04"
awhi145,client,CabbageTest123#,Pacific/Auckland,"02/23/2021, 09:20:44"
nwal444,client,CabbageTest123#,Asia/Baghdad,"01/31/2021, 17:02:29"
haus277,client,CabbageTest123#,Europe/Helsinki,"01/01/2021, 17:28:27"
jcar424,client,CabbageTest123#,,
ccon297,client,CabbageTest123#,,
awel492,client,CabbageTest123#,,
